parameter,value
alpha,0.26311917699247456
l1_ratio,0.9662650311645659
positive,False
max_iter,568
tol,8.766900858206071e-05
